Наименование;Стоимость;Количество заказов;Рейтинг
289.0;"Женский шампунь ""R.T.H."", контроль над потерей волос, 400 г";10;5.0
199.0;Шампунь для жирных волос с экстрактом Женьшеня и Горца многоцветкового IMAGES Fresh Moist Silk Smooth Tough Shampoo;15;5.0
180.0;Шампунь Антисептик с бактерицидным эффектом, 200 мл;1;0.0
1350.0;Шампунь роскошь блеска Estel Haute Couture 1000 мл;0;0.0
290.0;Estel Curex Brilliance Блеск-шампунь для всех типов волос 300 мл;9;5.0
450.0;Шампунь-уход для восстановления волос OTIUM MIRACLE REVIVE 250 мл.;0;0.0
240.0;"Шампунь ""Максимальный объем и сияние"" с маслом морошки, 200мл.";1;0.0
299.0;VALMONA, Шампунь с комплексом из молока и экстрактов ягод Sugar Velvet Milk Shampoo, 100 мл;1;5.0
500.0;Princess Essex Шампунь глубокой очистки 1000 мл.;12;0.0
230.0;Сатин-Шампунь с протеинами шелка и маслом хлопка от Kapous Studio professional, 350 мл;9;2.0
290.0;Curex Versus Winter Шампунь «Защита и питание» с антистатическим эффектом 300 мл.;1;0.0
660.0;Estel Haute Couture Luxury Shine Шампунь для блеска волос;2;5.0
195.0;Power-шампунь для длинных волос Estel OTIUM XXL, 30*10 мл;5;0.0
210.0;"Женский шампунь ""R.T.H."", сияние цвета, 250 г";3;0.0
350.0;Шампунь-защита цвета волос Beauty hair lab Estel Professional 250ml;1;0.0
400.0;Шампунь против перхоти, 300мл EPICA ANTI-DANDRUFF;6;0.0
450.0;Блеск-шампунь для светлых волос Estel Prima Blonde 250 мл;4;0.0
450.0;Блеск-шампунь Estel Otium Diamond 250 мл;2;0.0
289.0;"Женский шампунь ""R.T.H."", сияние цвета, 400 г";3;5.0
270.0;Шампунь для поддержание цвета окрашенных волос Estel Curex 300 мл;3;0.0
470.0;Шампунь-активатор роста волос OTIUM UNIQUE 250 мл.;1;0.0
450.0;Серебристый шампунь для холодных оттенков блонд Estel Prima Blonde  250 мл;4;0.0
290.0;Estel Шампунь Поддержание цвета для окрашенных волос CUREX COLOR SAVE;29;5.0
290.0;Шампунь «Водный баланс» для всех типов волос CUREX BALANCE Estel;5;0.0
470.0;Шампунь сохраняющий цвет и блеск окрашенных волос Ollin Care 1000 мл;17;5.0
470.0;Бессульфатный шампунь для интенсивного увлажнения волос Estel Professional OTIUM AQUA;22;5.0
900.0;Восстанавливающий ягодный шампунь Babayaga Estel 1000ml;2;0.0
250.0;Шампунь Чайное дерево бессульфатный, 250 мл. Спивакъ.;27;0.0
660.0;Шампунь с кератином Kapous Magic Keratin 1000 мл;7;0.0
900.0;Kikimora by Estel Ультра увлажняющий торфяной шампунь 1000 мл.;5;3.7
195.0;Шампунь для обьема сухих/жирных волос estel otium volume 30*10ml;9;0.0
660.0;Шампунь Роскошь светлых волос Estel Haute Couture Luxury Blond Shampoo 250 мл;2;0.0
840.0;Блеск-шампунь для светлых волос Prima Blonde Estel 1000 мл;4;0.0
169.0;Шампунь для волос «O'Hanami» с экстрактом голубого пиона;2;0.0
290.0;Сухой шампунь Kapous Fast Help 150 мл;13;0.0
290.0;Estel Curex Active Шампунь Спорт и фитнес для всех типов волос 300 мл.;3;0.0
480.0;Шампунь для придания объема Ollin Care 1000 мл;11;5.0
470.0;Шампунь от перхоти OTIUM UNIQUE 250 мл.;1;0.0
840.0;Estel Prima Blonde Серебристый шампунь для холодных оттенков блонд 1000 мл.;11;0.0
450.0;Шампунь для объёма жирных волос OTIUM VOLUME 250 мл.;0;0.0
660.0;Шампунь для холодных оттенков блонд Estel Haute Couture Luxury Cool Blond 250 мл.;3;0.0
500.0;Princess Essex Шампунь для окрашенных волос 1000 мл.;11;0.0
600.0;Минеральный шампунь для волос Otium Thalasso Therapy Sebo Control 435ml;0;0.0
470.0;Бессульфатный шампунь для интенсивного увлажнения Estel Otium Aqua 250ml;12;0.0
170.0;Шампунь Shellac-Lamination для средних и длинных волос, 200 мл;25;4.0
170.0;Шампунь для всех типов волос молоко и мед Kapous Aromatic Symphony;9;0.0
340.0;Увлажняющий шампунь для волос с маслом арганы Kapous Arganoil 300 мл;9;5.0
450.0;Estel Mohito шампунь для волос с мятой 250 мл;0;0.0
470.0;Estel Professional Молочный блеск-шампунь VEDMA by ESTEL;4;5.0
470.0;Шампунь PRIMA MYSTERIA для блеска волос вечерний, 250 мл, ESTEL PROFESSIONAL;4;0.0
220.0;"Шампунь для окрашенных волос ""Защита и блеск "", 500 мл. Natura Siberica";3;0.0
350.0;CERACLINIC, Шампунь для волос на растительной основе Dermaid 4.0 Botanical Shampoo, корейский;3;0.0
289.0;"Женский шампунь ""R.T.H."", формула объема, 400 г";4;0.0
500.0;Estel Professional Шампунь для волос с комплексом масел Q3 COMFORT Объём 250 мл;2;0.0
450.0;Шампунь-уход для восстановления волос Estel Otium Miracle Revive 250 мл;2;0.0
460.0;Шампунь для ежедневного ухода pH 5.5 Ollin Service line 1000 мл;17;5.0
290.0;Шампунь для волос с экстрактом имбиря и женьшеня Images Beauty Ginger and Moisturizing Refreshing Shampoo;5;5.0
249.0;Шампунь Алоэ, 250 мл. Спивакъ;11;5.0
470.0;Estel Professional Ультраувлажняющий торфяной шампунь KIKIMORA by ESTEL;5;0.0
250.0;"Твёрдый шампунь ""Карамельные нотки"" 50гр.  Мыловарня Романовых";4;0.0
299.0;Увлажняющий шампунь для волос BioAqua с экстрактом белого риса;4;0.0
900.0;Vedma by Estel Молочный блеск-шампунь для волос 1000 мл.;2;5.0
170.0;Шампунь Укрепляющий, для иммуной стимуляции роста волос, 200 мл;30;5.0
199.0;Шампунь для волос на основе плодов мыльного дерева SOAP HORN SILKY SOFT SHAMPOO IMAGES 300ML;4;0.0
450.0;Шампунь для объёма сухих волос OTIUM VOLUME 250 мл.;1;0.0
243.0;"Шампунь для нормальных волос Оливковый ""Питание и увлажнение"", 500 мл";1;0.0
840.0;Деликатный шампунь для окрашенных волос OTIUM COLOR LIFE Estel 1000 мл.;3;0.0
840.0;Серебристый шампунь для холодных оттенков Estel Prima Blonde 1000 мл;4;5.0
470.0;Estel Professional Шампунь для жирной кожи головы и сухих волос OTIUM UNIQUE;8;0.0
270.0;Шампунь Бей, 250 мл. Спивакъ.;14;5.0
299.0;Шампунь-кондиционер с маслом оливы;1;0.0
170.0;Шампунь Витаминный для частого применения (Салонный), 200мл;10;5.0
660.0;Шампунь для волос Гидробаланс Estel Haute Couture Voyage Hydrobalance Shampoo;1;0.0
637.0;Мягкий питательный шампунь I life;0;0.0
270.0;Шампунь серебристый для холодных оттенков блонд Estel Curex 300 мл;16;0.0
600.0;Минеральный шампунь Otium Thalasso therapy Anti-stress Estel 435ml;0;0.0
210.0;"Женский шампунь ""R.T.H."",  формула объема, 250 г";6;0.0
400.0;Кератиновый шампунь для волос Estel Keratin;4;0.0
470.0;Шампунь с хлорофиллом для волос Estel Molodo Zeleno;0;0.0
450.0;Шампунь для волос МЯТА ESTEL MOHITO;4;0.0
